dsei_id,name,city_name,sesai_id,created_at,updated_at
1,"XOKÓ","PORTO DA FOLHA",1587,"2015-11-06 00:00:00","2015-11-06 00:00:00"
1,"XUCURU-KARIRI","PALMEIRA DOS INDIOS",1592,"2015-11-06 00:00:00","2015-11-06 00:00:00"
1,"WASSU COCAL","JOAQUIM GOMES",1591,"2015-11-06 00:00:00","2015-11-06 00:00:00"
1,"ACONÃ","TRAIPU",1601,"2015-11-06 00:00:00","2015-11-06 00:00:00"
1,"TINGUI BOTÓ","FEIRA GRANDE",1589,"2015-11-06 00:00:00","2015-11-06 00:00:00"
1,"KARAPOTÓ TERRA NOVA","SAO SEBASTIAO",1872,"2015-11-06 00:00:00","2015-11-06 00:00:00"
1,"KARAPOTÓ PLAKI-Ô","SAO SEBASTIAO",1873,"2015-11-06 00:00:00","2015-11-06 00:00:00"
1,"KOIUPANKÁ","INHAPI",1602,"2015-11-06 00:00:00","2015-11-06 00:00:00"
1,"KALANKÓ","AGUA BRANCA",1527,"2015-11-06 00:00:00","2015-11-06 00:00:00"
1,"KARIRI-XOKÓ","PORTO REAL DO COLEGIO",1588,"2015-11-06 00:00:00","2015-11-06 00:00:00"
1,"JERIPANKÓ","PARICONHA",1870,"2015-11-06 00:00:00","2015-11-06 00:00:00"
1,"KARUAZU-KATOKINN","PARICONHA",1871,"2015-11-06 00:00:00","2015-11-06 00:00:00"
2,"ALTAMIRA","ALTAMIRA",1680,"2015-11-06 00:00:00","2015-11-06 00:00:00"
3,"CRUZEIRO DO SUL","CRUZEIRO DO SUL",1569,"2015-11-06 00:00:00","2015-11-06 00:00:00"
3,"PORTO WALTER","PORTO WALTER",1514,"2015-11-06 00:00:00","2015-11-06 00:00:00"
3,"MARECHAL THAUMATURGO","MARECHAL THAUMATURGO",1515,"2015-11-06 00:00:00","2015-11-06 00:00:00"
3,"JORDAO","JORDAO",1516,"2015-11-06 00:00:00","2015-11-06 00:00:00"
3,"TARAUACÁ","TARAUACA",1572,"2015-11-06 00:00:00","2015-11-06 00:00:00"
3,"FEIJÓ","FEIJO",1570,"2015-11-06 00:00:00","2015-11-06 00:00:00"
3,"MANCIO LIMA","MANCIO LIMA",1513,"2015-11-06 00:00:00","2015-11-06 00:00:00"
4,"CAUBURIS","BARCELOS",1538,"2015-11-06 00:00:00","2015-11-06 00:00:00"
4,"TAPERA","BARCELOS",1537,"2015-11-06 00:00:00","2015-11-06 00:00:00"
4,"CUMARÚ","BARCELOS",1536,"2015-11-06 00:00:00","2015-11-06 00:00:00"
4,"MASSARABÍ","SANTA ISABEL DO RIO NEGRO",1534,"2015-11-06 00:00:00","2015-11-06 00:00:00"
4,"SERRINHA","SANTA ISABEL DO RIO NEGRO",1533,"2015-11-06 00:00:00","2015-11-06 00:00:00"
4,"NAZARÉ DO ENUIXÍ","SANTA ISABEL DO RIO NEGRO",1535,"2015-11-06 00:00:00","2015-11-06 00:00:00"
4,"TAPERERA","SAO GABRIEL DA CACHOEIRA",1819,"2015-11-06 00:00:00","2015-11-06 00:00:00"
4,"CUCUÍ","SAO GABRIEL DA CACHOEIRA",1817,"2015-11-06 00:00:00","2015-11-06 00:00:00"
4,"PATOS","SAO GABRIEL DA CACHOEIRA",1816,"2015-11-06 00:00:00","2015-11-06 00:00:00"
4,"PARI-CACHOEIRA","SAO GABRIEL DA CACHOEIRA",1815,"2015-11-06 00:00:00","2015-11-06 00:00:00"
4,"SÃO JOSÉ II","SAO GABRIEL DA CACHOEIRA",1814,"2015-11-06 00:00:00","2015-11-06 00:00:00"
4,"TARACUÁ","SAO GABRIEL DA CACHOEIRA",1813,"2015-11-06 00:00:00","2015-11-06 00:00:00"
4,"CUMATÍ","SAO GABRIEL DA CACHOEIRA",1812,"2015-11-06 00:00:00","2015-11-06 00:00:00"
4,"TUCUMÃ","SAO GABRIEL DA CACHOEIRA",1722,"2015-11-06 00:00:00","2015-11-06 00:00:00"
4,"CARURU - UAUPÉS","SAO GABRIEL DA CACHOEIRA",1560,"2015-11-06 00:00:00","2015-11-06 00:00:00"
4,"CARURU - TIQUIÉ","SAO GABRIEL DA CACHOEIRA",1559,"2015-11-06 00:00:00","2015-11-06 00:00:00"
4,"ILHA DAS FLORES","SAO GABRIEL DA CACHOEIRA",1532,"2015-11-06 00:00:00","2015-11-06 00:00:00"
4,"JURUTI","SAO GABRIEL DA CACHOEIRA",1818,"2015-11-06 00:00:00","2015-11-06 00:00:00"
4,"CANADÁ","SAO GABRIEL DA CACHOEIRA",1811,"2015-11-06 00:00:00","2015-11-06 00:00:00"
4,"SÃO JOAQUIM","SAO GABRIEL DA CACHOEIRA",1810,"2015-11-06 00:00:00","2015-11-06 00:00:00"
4,"TUNUÍ-CACHOEIRA","SAO GABRIEL DA CACHOEIRA",1721,"2015-11-06 00:00:00","2015-11-06 00:00:00"
4,"YAUARETÊ","SAO GABRIEL DA CACHOEIRA",1631,"2015-11-06 00:00:00","2015-11-06 00:00:00"
4,"MÉDIO UAUPÉS","SAO GABRIEL DA CACHOEIRA",1563,"2015-11-06 00:00:00","2015-11-06 00:00:00"
4,"ESTRADA","SAO GABRIEL DA CACHOEIRA",1531,"2015-11-06 00:00:00","2015-11-06 00:00:00"
4,"CAMARÃO","SAO GABRIEL DA CACHOEIRA",1520,"2015-11-06 00:00:00","2015-11-06 00:00:00"
5,"PAUINI","PAUINI",1739,"2015-11-06 00:00:00","2015-11-06 00:00:00"
5,"ASSIS BRASIL","ASSIS BRASIL",1774,"2015-11-06 00:00:00","2015-11-06 00:00:00"
5,"SANTA ROSA","SANTA ROSA DO PURUS",1687,"2015-11-06 00:00:00","2015-11-06 00:00:00"
5,"SENA MADUREIRA","SENA MADUREIRA",1773,"2015-11-06 00:00:00","2015-11-06 00:00:00"
5,"MANOEL URBANO","MANOEL URBANO",1735,"2015-11-06 00:00:00","2015-11-06 00:00:00"
5,"BOCA DO ACRE","BOCA DO ACRE",1571,"2015-11-06 00:00:00","2015-11-06 00:00:00"
6,"TONANTINS","TONANTINS",1679,"2015-11-06 00:00:00","2015-11-06 00:00:00"
6,"VILA BITENCOURT","JAPURA",1876,"2015-11-06 00:00:00","2015-11-06 00:00:00"
6,"BELÉM DO SOLIMÕES","TABATINGA",1629,"2015-11-06 00:00:00","2015-11-06 00:00:00"
6,"UMARIAÇÚ I","TABATINGA",1566,"2015-11-06 00:00:00","2015-11-06 00:00:00"
6,"UMARIAÇÚ II","TABATINGA",1556,"2015-11-06 00:00:00","2015-11-06 00:00:00"
6,"CAMPO ALEGRE","SAO PAULO DE OLIVENCA",1676,"2015-11-06 00:00:00","2015-11-06 00:00:00"
6,"SÃO PAULO DE OLIVENÇA","SAO PAULO DE OLIVENCA",1565,"2015-11-06 00:00:00","2015-11-06 00:00:00"
6,"VENDAVAL","SAO PAULO DE OLIVENCA",1630,"2015-11-06 00:00:00","2015-11-06 00:00:00"
6,"NOVA ITÁLIA","AMATURA",1678,"2015-11-06 00:00:00","2015-11-06 00:00:00"
6,"FILADÉLFIA","BENJAMIN CONSTANT",1567,"2015-11-06 00:00:00","2015-11-06 00:00:00"
6,"FEIJOAL","BENJAMIN CONSTANT",1675,"2015-11-06 00:00:00","2015-11-06 00:00:00"
6,"BETÂNIA","SANTO ANTONIO DO ICA",1677,"2015-11-06 00:00:00","2015-11-06 00:00:00"
7,"BONA","ALMEIRIM",1717,"2015-11-06 00:00:00","2015-11-06 00:00:00"
7,"KUMARUMÃ","OIAPOQUE",1746,"2015-11-06 00:00:00","2015-11-06 00:00:00"
7,"MANGA","OIAPOQUE",1748,"2015-11-06 00:00:00","2015-11-06 00:00:00"
7,"KUMENÊ","OIAPOQUE",1747,"2015-11-06 00:00:00","2015-11-06 00:00:00"
7,"MISSÃO TIRIYÓ","OBIDOS",1718,"2015-11-06 00:00:00","2015-11-06 00:00:00"
7,"ARAMIRÃ","PEDRA BRANCA DO AMAPARI",1719,"2015-11-06 00:00:00","2015-11-06 00:00:00"
8,"CONFRESA","CONFRESA",1858,"2015-11-06 00:00:00","2015-11-06 00:00:00"
8,"SÃO FÉLIX DO ARAGUAIA","SAO FELIX DO ARAGUAIA",1542,"2015-11-06 00:00:00","2015-11-06 00:00:00"
8,"SANTA TEREZINHA","SANTA TEREZINHA",1539,"2015-11-06 00:00:00","2015-11-06 00:00:00"
8,"GOIÂNIA","GOIANIA",1857,"2015-11-06 00:00:00","2015-11-06 00:00:00"
9,"RIBEIRA DO POMBAL","RIBEIRA DO POMBAL",1885,"2015-11-06 00:00:00","2015-11-06 00:00:00"
9,"ITAMARAJU","ITAMARAJU",1887,"2015-11-06 00:00:00","2015-11-06 00:00:00"
9,"ILHÉUS","ILHEUS",1785,"2015-11-06 00:00:00","2015-11-06 00:00:00"
9,"JUAZEIRO","JUAZEIRO",1636,"2015-11-06 00:00:00","2015-11-06 00:00:00"
9,"PORTO SEGURO","PORTO SEGURO",1787,"2015-11-06 00:00:00","2015-11-06 00:00:00"
9,"FEIRA DE SANTANA","FEIRA DE SANTANA",1729,"2015-11-06 00:00:00","2015-11-06 00:00:00"
9,"EUCLIDES DA CUNHA","EUCLIDES DA CUNHA",1886,"2015-11-06 00:00:00","2015-11-06 00:00:00"
9,"PAULO AFONSO","PAULO AFONSO",1786,"2015-11-06 00:00:00","2015-11-06 00:00:00"
9,"IBOTIRAMA","IBOTIRAMA",1730,"2015-11-06 00:00:00","2015-11-06 00:00:00"
9,"PAU BRASIL","PAU BRASIL",1888,"2015-11-06 00:00:00","2015-11-06 00:00:00"
10,"MONSENHOR TABOSA","MONSENHOR TABOSA",1608,"2015-11-06 00:00:00","2015-11-06 00:00:00"
10,"AQUIRAZ","AQUIRAZ",1594,"2015-11-06 00:00:00","2015-11-06 00:00:00"
10,"ARATUBA","ARATUBA",1614,"2015-11-06 00:00:00","2015-11-06 00:00:00"
10,"SÃO BENEDITO","SAO BENEDITO",1879,"2015-11-06 00:00:00","2015-11-06 00:00:00"
10,"MARACANAÚ","MARACANAU",1726,"2015-11-06 00:00:00","2015-11-06 00:00:00"
10,"CAUCAIA","CAUCAIA",1725,"2015-11-06 00:00:00","2015-11-06 00:00:00"
10,"ITAREMA","ITAREMA",1797,"2015-11-06 00:00:00","2015-11-06 00:00:00"
10,"PORANGA","PORANGA",1610,"2015-11-06 00:00:00","2015-11-06 00:00:00"
10,"CRATEÚS","CRATEUS",1616,"2015-11-06 00:00:00","2015-11-06 00:00:00"
11,"RONDONÓPOLIS","RONDONOPOLIS",1759,"2015-11-06 00:00:00","2015-11-06 00:00:00"
11,"CHIQUITANO","PORTO ESPERIDIAO",1756,"2015-11-06 00:00:00","2015-11-06 00:00:00"
11,"CUIABÁ","CUIABA",1760,"2015-11-06 00:00:00","2015-11-06 00:00:00"
11,"TANGARÁ DA SERRA","TANGARA DA SERRA",1761,"2015-11-06 00:00:00","2015-11-06 00:00:00"
11,"BRASNORTE","BRASNORTE",1762,"2015-11-06 00:00:00","2015-11-06 00:00:00"
12,"CAPITÃO POÇO","CAPITAO POCO",1750,"2015-11-06 00:00:00","2015-11-06 00:00:00"
12,"MARABÁ","MARABA",1738,"2015-11-06 00:00:00","2015-11-06 00:00:00"
12,"TUCURUÍ","TUCURUI",1749,"2015-11-06 00:00:00","2015-11-06 00:00:00"
12,"ORIXIMINA","ORIXIMINA",1824,"2015-11-06 00:00:00","2015-11-06 00:00:00"
12,"SANTA LUZIA DO PARÁ","SANTA LUZIA DO PARA",1637,"2015-11-06 00:00:00","2015-11-06 00:00:00"
12,"PARAGOMINAS","PARAGOMINAS",1528,"2015-11-06 00:00:00","2015-11-06 00:00:00"
12,"SANTARÉM","OBIDOS",1522,"2015-11-06 00:00:00","2015-11-06 00:00:00"
12,"TOMÉ-AÇU","TOME-ACU",1529,"2015-11-06 00:00:00","2015-11-06 00:00:00"
13,"BAURÚ","BAURU",1745,"2015-11-06 00:00:00","2015-11-06 00:00:00"
13,"GUAÍRA","GUAIRA",1883,"2015-11-06 00:00:00","2015-11-06 00:00:00"
13,"LONDRINA","LONDRINA",1742,"2015-11-06 00:00:00","2015-11-06 00:00:00"
13,"SANTA HELENA","SANTA HELENA",1884,"2015-11-06 00:00:00","2015-11-06 00:00:00"
13,"GUARAPUAVA","GUARAPUAVA",1744,"2015-11-06 00:00:00","2015-11-06 00:00:00"
13,"CHAPECÓ","CHAPECO",1510,"2015-11-06 00:00:00","2015-11-06 00:00:00"
13,"JOSÉ BOITEUX","JOSE BOITEUX",1511,"2015-11-06 00:00:00","2015-11-06 00:00:00"
13,"PASSO FUNDO","PASSO FUNDO",1743,"2015-11-06 00:00:00","2015-11-06 00:00:00"
14,"SEDE DO DSEI KAIAPÓ DO MT","COLIDER",1595,"2015-11-06 00:00:00","2015-11-06 00:00:00"
14,"JUARA","JUARA",1593,"2015-11-06 00:00:00","2015-11-06 00:00:00"
14,"PEIXOTO DE AZEVEDO","PEIXOTO DE AZEVEDO",1574,"2015-11-06 00:00:00","2015-11-06 00:00:00"
15,"REDENÇÃO","REDENCAO",1757,"2015-11-06 00:00:00","2015-11-06 00:00:00"
15,"OURILÂNDIA","OURILANDIA DO NORTE",1576,"2015-11-06 00:00:00","2015-11-06 00:00:00"
15,"TUCUMÃ","TUCUMA",1575,"2015-11-06 00:00:00","2015-11-06 00:00:00"
15,"SÃO FÉLIX DO XINGU","SAO FELIX DO XINGU",1605,"2015-11-06 00:00:00","2015-11-06 00:00:00"
16,"MANOA","BONFIM",1670,"2015-11-06 00:00:00","2015-11-06 00:00:00"
16,"JACAMIM","BONFIM",1694,"2015-11-06 00:00:00","2015-11-06 00:00:00"
16,"SANTA CRUZ","NORMANDIA",1662,"2015-11-06 00:00:00","2015-11-06 00:00:00"
16,"RAPOSA I","NORMANDIA",1660,"2015-11-06 00:00:00","2015-11-06 00:00:00"
16,"BISMARCK","NORMANDIA",1659,"2015-11-06 00:00:00","2015-11-06 00:00:00"
16,"CONSTANTINO","NORMANDIA",1651,"2015-11-06 00:00:00","2015-11-06 00:00:00"
16,"SANTA MARIA","NORMANDIA",1650,"2015-11-06 00:00:00","2015-11-06 00:00:00"
16,"CAMARA","NORMANDIA",1649,"2015-11-06 00:00:00","2015-11-06 00:00:00"
16,"MATIRI","NORMANDIA",1661,"2015-11-06 00:00:00","2015-11-06 00:00:00"
16,"SÃO FRANCISCO","NORMANDIA",1564,"2015-11-06 00:00:00","2015-11-06 00:00:00"
16,"SERRA DO SOL","UIRAMUTA",1658,"2015-11-06 00:00:00","2015-11-06 00:00:00"
16,"PEDRA PRETA","UIRAMUTA",1656,"2015-11-06 00:00:00","2015-11-06 00:00:00"
16,"PEDRA BRANCA","UIRAMUTA",1655,"2015-11-06 00:00:00","2015-11-06 00:00:00"
16,"WILIMON","UIRAMUTA",1653,"2015-11-06 00:00:00","2015-11-06 00:00:00"
16,"MORRO","UIRAMUTA",1652,"2015-11-06 00:00:00","2015-11-06 00:00:00"
16,"MATURUCA","UIRAMUTA",1632,"2015-11-06 00:00:00","2015-11-06 00:00:00"
16,"CARACANÃ","UIRAMUTA",1517,"2015-11-06 00:00:00","2015-11-06 00:00:00"
16,"PIUM","ALTO ALEGRE",1665,"2015-11-06 00:00:00","2015-11-06 00:00:00"
16,"BOQUEIRÃO","ALTO ALEGRE",1623,"2015-11-06 00:00:00","2015-11-06 00:00:00"
16,"JATAPUZINHO","CAROEBE",1695,"2015-11-06 00:00:00","2015-11-06 00:00:00"
16,"CANTAGALO","PACARAIMA",1647,"2015-11-06 00:00:00","2015-11-06 00:00:00"
16,"SOROCAIMA II","PACARAIMA",1668,"2015-11-06 00:00:00","2015-11-06 00:00:00"
16,"ROÇA","PACARAIMA",1667,"2015-11-06 00:00:00","2015-11-06 00:00:00"
16,"CARAPARU I","PACARAIMA",1654,"2015-11-06 00:00:00","2015-11-06 00:00:00"
16,"PEDREIRA","PACARAIMA",1622,"2015-11-06 00:00:00","2015-11-06 00:00:00"
16,"CAMPO FORMOSO","PACARAIMA",1657,"2015-11-06 00:00:00","2015-11-06 00:00:00"
16,"BARRO","PACARAIMA",1621,"2015-11-06 00:00:00","2015-11-06 00:00:00"
16,"MALACACHETA","CANTA",1669,"2015-11-06 00:00:00","2015-11-06 00:00:00"
16,"SANTA INÊS","AMAJARI",1664,"2015-11-06 00:00:00","2015-11-06 00:00:00"
16,"PONTA DA SERRA","AMAJARI",1663,"2015-11-06 00:00:00","2015-11-06 00:00:00"
16,"ARAÇÁ","AMAJARI",1519,"2015-11-06 00:00:00","2015-11-06 00:00:00"
16,"SERRA DO TRUARÚ","BOA VISTA",1696,"2015-11-06 00:00:00","2015-11-06 00:00:00"
16,"VISTA ALEGRE","BOA VISTA",1666,"2015-11-06 00:00:00","2015-11-06 00:00:00"
16,"MILHO","BOA VISTA",1518,"2015-11-06 00:00:00","2015-11-06 00:00:00"
17,"RIO SILVEIRA","RIOZINHO",1731,"2015-11-06 00:00:00","2015-11-06 00:00:00"
17,"REGISTRO","REGISTRO",1691,"2015-11-06 00:00:00","2015-11-06 00:00:00"
17,"PORTO ALEGRE","PORTO ALEGRE",1512,"2015-11-06 00:00:00","2015-11-06 00:00:00"
17,"PERUÍBE","PERUIBE",1568,"2015-11-06 00:00:00","2015-11-06 00:00:00"
17,"PARANAGUÁ","PARANAGUA",1508,"2015-11-06 00:00:00","2015-11-06 00:00:00"
17,"MONGAGUÁ","MONGAGUA",1562,"2015-11-06 00:00:00","2015-11-06 00:00:00"
17,"ANGRA DOS REIS","ANGRA DOS REIS",1633,"2015-11-06 00:00:00","2015-11-06 00:00:00"
17,"UBATUBA","SAO SEBASTIAO",1689,"2015-11-06 00:00:00","2015-11-06 00:00:00"
17,"FLORIANÓPOLIS","SAO JOSE",1509,"2015-11-06 00:00:00","2015-11-06 00:00:00"
17,"ARAQUARI","ARAQUARI",1693,"2015-11-06 00:00:00","2015-11-06 00:00:00"
17,"VIAMÃO","VIAMAO",1690,"2015-11-06 00:00:00","2015-11-06 00:00:00"
17,"MIRACATU","SAO PAULO",1784,"2015-11-06 00:00:00","2015-11-06 00:00:00"
17,"SÃO PAULO","SAO PAULO",1688,"2015-11-06 00:00:00","2015-11-06 00:00:00"
17,"OSÓRIO","OSORIO",1603,"2015-11-06 00:00:00","2015-11-06 00:00:00"
17,"BARRA DO RIBEIRO","BARRA DO RIBEIRO",1863,"2015-11-06 00:00:00","2015-11-06 00:00:00"
18,"CAREIRO CASTANHO","CAREIRO",1856,"2015-11-06 00:00:00","2015-11-06 00:00:00"
18,"LARANJAL","NOVA OLINDA DO NORTE",1853,"2015-11-06 00:00:00","2015-11-06 00:00:00"
18,"KWATÁ","NOVA OLINDA DO NORTE",1851,"2015-11-06 00:00:00","2015-11-06 00:00:00"
18,"MANACAPURU","MANACAPURU",1619,"2015-11-06 00:00:00","2015-11-06 00:00:00"
18,"ANAMÃ","ANAMA",1882,"2015-11-06 00:00:00","2015-11-06 00:00:00"
18,"PONTA NATAL","MANICORE",1855,"2015-11-06 00:00:00","2015-11-06 00:00:00"
18,"URUCARÁ","URUCARA",1618,"2015-11-06 00:00:00","2015-11-06 00:00:00"
18,"IGAPÓ AÇÚ","BORBA",1852,"2015-11-06 00:00:00","2015-11-06 00:00:00"
18,"MUNICÍPIO DE BERURI","BERURI",1847,"2015-11-06 00:00:00","2015-11-06 00:00:00"
18,"BOCA DO JAUARI","HUMAITA",1854,"2015-11-06 00:00:00","2015-11-06 00:00:00"
18,"MANAQUIRI","MANAQUIRI",1620,"2015-11-06 00:00:00","2015-11-06 00:00:00"
18,"NOSSA SENHORA DA SAÚDE","IRANDUBA",1849,"2015-11-06 00:00:00","2015-11-06 00:00:00"
18,"MAKIRA (NOVA JERUSALÉM)","ITACOATIARA",1848,"2015-11-06 00:00:00","2015-11-06 00:00:00"
18,"PANTALEÃO","AUTAZES",1582,"2015-11-06 00:00:00","2015-11-06 00:00:00"
18,"MURUTINGA","CAREIRO DA VARZEA",1583,"2015-11-06 00:00:00","2015-11-06 00:00:00"
18,"RIO PRETO DA EVA","RIO PRETO DA EVA",1875,"2015-11-06 00:00:00","2015-11-06 00:00:00"
19,"SANTA INÊS","SANTA INES",1777,"2015-11-06 00:00:00","2015-11-06 00:00:00"
19,"GRAJAÚ","GRAJAU",1732,"2015-11-06 00:00:00","2015-11-06 00:00:00"
19,"BARRA DO CORDA","BARRA DO CORDA",1524,"2015-11-06 00:00:00","2015-11-06 00:00:00"
19,"ZÉ DOCA","BOM JARDIM",1525,"2015-11-06 00:00:00","2015-11-06 00:00:00"
19,"AMARANTE","AMARANTE DO MARANHAO",1523,"2015-11-06 00:00:00","2015-11-06 00:00:00"
19,"ARAME","ARAME",1728,"2015-11-06 00:00:00","2015-11-06 00:00:00"
20,"CORUMBÁ","CORUMBA",1639,"2015-11-06 00:00:00","2015-11-06 00:00:00"
20,"CAMPO GRANDE","CAMPO GRANDE",1754,"2015-11-06 00:00:00","2015-11-06 00:00:00"
20,"CAARAPÓ","CAARAPO",1683,"2015-11-06 00:00:00","2015-11-06 00:00:00"
20,"PARANHOS","PARANHOS",1684,"2015-11-06 00:00:00","2015-11-06 00:00:00"
20,"ANTÔNIO JOÃO","ANTONIO JOAO",1558,"2015-11-06 00:00:00","2015-11-06 00:00:00"
20,"TACURU","TACURU",1736,"2015-11-06 00:00:00","2015-11-06 00:00:00"
20,"DOURADOS","DOURADOS",1758,"2015-11-06 00:00:00","2015-11-06 00:00:00"
20,"AMAMBAÍ","AMAMBAI",1682,"2015-11-06 00:00:00","2015-11-06 00:00:00"
20,"SIDROLÂNDIA","SIDROLANDIA",1755,"2015-11-06 00:00:00","2015-11-06 00:00:00"
20,"BONITO","BONITO",1671,"2015-11-06 00:00:00","2015-11-06 00:00:00"
20,"BRASILÂNDIA","BRASILANDIA",1638,"2015-11-06 00:00:00","2015-11-06 00:00:00"
20,"AQUIDAUANA","AQUIDAUANA",1775,"2015-11-06 00:00:00","2015-11-06 00:00:00"
20,"IGUATEMI","IGUATEMI",1741,"2015-11-06 00:00:00","2015-11-06 00:00:00"
20,"BODOQUENA","BODOQUENA",1740,"2015-11-06 00:00:00","2015-11-06 00:00:00"
20,"MIRANDA","MIRANDA",1776,"2015-11-06 00:00:00","2015-11-06 00:00:00"
21,"CHICO CAMILO","LABREA",1544,"2015-11-06 00:00:00","2015-11-06 00:00:00"
21,"TUMIÃ","LABREA",1704,"2015-11-06 00:00:00","2015-11-06 00:00:00"
21,"CASA NOVA","LABREA",1702,"2015-11-06 00:00:00","2015-11-06 00:00:00"
21,"JAPIIM","LABREA",1700,"2015-11-06 00:00:00","2015-11-06 00:00:00"
21,"IMINAÃ","LABREA",1705,"2015-11-06 00:00:00","2015-11-06 00:00:00"
21,"SÃO PEDRO","LABREA",1703,"2015-11-06 00:00:00","2015-11-06 00:00:00"
21,"CRISPIM","LABREA",1701,"2015-11-06 00:00:00","2015-11-06 00:00:00"
21,"TAWAMIRIM","TAPAUA",1699,"2015-11-06 00:00:00","2015-11-06 00:00:00"
21,"MARRECÃO","TAPAUA",1697,"2015-11-06 00:00:00","2015-11-06 00:00:00"
21,"ABAQUADI","TAPAUA",1698,"2015-11-06 00:00:00","2015-11-06 00:00:00"
22,"COARI","COARI",1640,"2015-11-06 00:00:00","2015-11-06 00:00:00"
22,"CUIÚ-CUIÚ","MARAA",1709,"2015-11-06 00:00:00","2015-11-06 00:00:00"
22,"KUMARÚ","JURUA",1716,"2015-11-06 00:00:00","2015-11-06 00:00:00"
22,"BUGAIO","JUTAI",1711,"2015-11-06 00:00:00","2015-11-06 00:00:00"
22,"BIÁ","JUTAI",1778,"2015-11-06 00:00:00","2015-11-06 00:00:00"
22,"BUÁ-BUÁ","JAPURA",1710,"2015-11-06 00:00:00","2015-11-06 00:00:00"
22,"BARREIRA DA MISSÃO","TEFE",1712,"2015-11-06 00:00:00","2015-11-06 00:00:00"
22,"MUCURA","FONTE BOA",1641,"2015-11-06 00:00:00","2015-11-06 00:00:00"
22,"EIRUNEPÉ","EIRUNEPE",1714,"2015-11-06 00:00:00","2015-11-06 00:00:00"
22,"MARAJAÍ","ALVARAES",1713,"2015-11-06 00:00:00","2015-11-06 00:00:00"
22,"UARINI","UARINI",1642,"2015-11-06 00:00:00","2015-11-06 00:00:00"
22,"ENVIRA","ENVIRA",1780,"2015-11-06 00:00:00","2015-11-06 00:00:00"
22,"CARAUARÍ","CARAUARI",1779,"2015-11-06 00:00:00","2015-11-06 00:00:00"
22,"IPIXUNA","IPIXUNA",1781,"2015-11-06 00:00:00","2015-11-06 00:00:00"
22,"MORADA NOVA","ITAMARATI",1715,"2015-11-06 00:00:00","2015-11-06 00:00:00"
23,"RESPLENDOR","RESPLENDOR",1686,"2015-11-06 00:00:00","2015-11-06 00:00:00"
23,"BELA VISTA","CALDAS",1573,"2015-11-06 00:00:00","2015-11-06 00:00:00"
23,"CAMPANÁRIO","CAMPANARIO",1878,"2015-11-06 00:00:00","2015-11-06 00:00:00"
23,"ARACRUZ","ARACRUZ",1889,"2015-11-06 00:00:00","2015-11-06 00:00:00"
23,"COMBOIOS","ARACRUZ",1507,"2015-11-06 00:00:00","2015-11-06 00:00:00"
23,"CAIERAS VELHA","ARACRUZ",1506,"2015-11-06 00:00:00","2015-11-06 00:00:00"
23,"ARAÇUAÍ","ARACUAI",1550,"2015-11-06 00:00:00","2015-11-06 00:00:00"
23,"MACHACALIS","MACHACALIS",1890,"2015-11-06 00:00:00","2015-11-06 00:00:00"
23,"ITAPECERICA","ITAPECERICA",1881,"2015-11-06 00:00:00","2015-11-06 00:00:00"
23,"SÃO JOÃO DAS MISSÕES","SAO JOAO DAS MISSOES",1891,"2015-11-06 00:00:00","2015-11-06 00:00:00"
23,"RANCHARIA","SAO JOAO DAS MISSOES",1673,"2015-11-06 00:00:00","2015-11-06 00:00:00"
23,"PINDAÍBA","SAO JOAO DAS MISSOES",1859,"2015-11-06 00:00:00","2015-11-06 00:00:00"
23,"ITAPICURU","SAO JOAO DAS MISSOES",1860,"2015-11-06 00:00:00","2015-11-06 00:00:00"
23,"SUMARÉ","SAO JOAO DAS MISSOES",1672,"2015-11-06 00:00:00","2015-11-06 00:00:00"
23,"BREJO MATA FOME","SAO JOAO DAS MISSOES",1634,"2015-11-06 00:00:00","2015-11-06 00:00:00"
23,"PRADINHO","BERTOPOLIS",1505,"2015-11-06 00:00:00","2015-11-06 00:00:00"
23,"ÁGUA BOA","SANTA HELENA DE MINAS",1674,"2015-11-06 00:00:00","2015-11-06 00:00:00"
23,"TOPÁZIO","TEOFILO OTONI",1867,"2015-11-06 00:00:00","2015-11-06 00:00:00"
23,"TEÓFILO OTONI","TEOFILO OTONI",1892,"2015-11-06 00:00:00","2015-11-06 00:00:00"
23,"CAPÃO DO ZEZINHO","MARTINHO CAMPOS",1861,"2015-11-06 00:00:00","2015-11-06 00:00:00"
23,"LADAINHA","LADAINHA",1625,"2015-11-06 00:00:00","2015-11-06 00:00:00"
23,"CARMÉSIA","CARMESIA",1685,"2015-11-06 00:00:00","2015-11-06 00:00:00"
24,"CUMINAPANEMA","ORIXIMINA",1825,"2015-11-06 00:00:00","2015-11-06 00:00:00"
24,"KURUATUBA","BARREIRINHA",1822,"2015-11-06 00:00:00","2015-11-06 00:00:00"
24,"UMIRITUBA","BARREIRINHA",1821,"2015-11-06 00:00:00","2015-11-06 00:00:00"
24,"ARATICUM","BARREIRINHA",1820,"2015-11-06 00:00:00","2015-11-06 00:00:00"
24,"VILA NOVA I","BARREIRINHA",1823,"2015-11-06 00:00:00","2015-11-06 00:00:00"
24,"RIOZINHO","NHAMUNDA",1828,"2015-11-06 00:00:00","2015-11-06 00:00:00"
24,"KASSAWÁ","NHAMUNDA",1826,"2015-11-06 00:00:00","2015-11-06 00:00:00"
24,"NOVA ALEGRIA","MAUES",1842,"2015-11-06 00:00:00","2015-11-06 00:00:00"
24,"VILA NOVA II","MAUES",1839,"2015-11-06 00:00:00","2015-11-06 00:00:00"
24,"NOVA ESPERANÇA","MAUES",1837,"2015-11-06 00:00:00","2015-11-06 00:00:00"
24,"SANTA MARIA","MAUES",1841,"2015-11-06 00:00:00","2015-11-06 00:00:00"
24,"NOVA ALDEIA","MAUES",1840,"2015-11-06 00:00:00","2015-11-06 00:00:00"
25,"PANKARÁ","CARNAUBEIRA DA PENHA",1737,"2015-11-06 00:00:00","2015-11-06 00:00:00"
25,"ATIKUM","CARNAUBEIRA DA PENHA",1723,"2015-11-06 00:00:00","2015-11-06 00:00:00"
25,"PANKARARU","JATOBA",1599,"2015-11-06 00:00:00","2015-11-06 00:00:00"
25,"KAMBIWÁ","IBIMIRIM",1597,"2015-11-06 00:00:00","2015-11-06 00:00:00"
25,"PIPIPAN","FLORESTA",1727,"2015-11-06 00:00:00","2015-11-06 00:00:00"
25,"XUKURU DE CIMBRES","PESQUEIRA",1782,"2015-11-06 00:00:00","2015-11-06 00:00:00"
25,"XUKURU DO ORORUBÁ","PESQUEIRA",1598,"2015-11-06 00:00:00","2015-11-06 00:00:00"
25,"FULNI-Ô","AGUAS BELAS",1681,"2015-11-06 00:00:00","2015-11-06 00:00:00"
25,"PANKARURU ENTRE SERRAS","PETROLANDIA",1783,"2015-11-06 00:00:00","2015-11-06 00:00:00"
25,"TRUKÁ","CABROBO",1724,"2015-11-06 00:00:00","2015-11-06 00:00:00"
25,"KAMBIWÁ-TUXÁ","INAJA",1877,"2015-11-06 00:00:00","2015-11-06 00:00:00"
25,"KAPINAWÁ","BUIQUE",1596,"2015-11-06 00:00:00","2015-11-06 00:00:00"
26,"PORTO VELHO","PORTO VELHO",1692,"2015-11-06 00:00:00","2015-11-06 00:00:00"
26,"GUAJARÁ MIRIM","GUAJARA-MIRIM",1526,"2015-11-06 00:00:00","2015-11-06 00:00:00"
26,"ALTA FLORESTA","ALTA FLORESTA D'OESTE",1734,"2015-11-06 00:00:00","2015-11-06 00:00:00"
26,"HUMAITÁ","HUMAITA",1720,"2015-11-06 00:00:00","2015-11-06 00:00:00"
26,"JI-PARANÁ","JI-PARANA",1733,"2015-11-06 00:00:00","2015-11-06 00:00:00"
27,"RIO TINTO","RIO TINTO",1753,"2015-11-06 00:00:00","2015-11-06 00:00:00"
27,"MARCAÇÃO","MARCACAO",1752,"2015-11-06 00:00:00","2015-11-06 00:00:00"
27,"BAÍA DA TRAIÇÃO","BAIA DA TRAICAO",1751,"2015-11-06 00:00:00","2015-11-06 00:00:00"
28,"NOVO PROGRESSO","NOVO PROGRESSO",1628,"2015-11-06 00:00:00","2015-11-06 00:00:00"
28,"TELES PIRES","JACAREACANGA",1834,"2015-11-06 00:00:00","2015-11-06 00:00:00"
28,"KATÕ","JACAREACANGA",1829,"2015-11-06 00:00:00","2015-11-06 00:00:00"
28,"MISSÃO CURURU","JACAREACANGA",1844,"2015-11-06 00:00:00","2015-11-06 00:00:00"
28,"SANTA MARIA","JACAREACANGA",1832,"2015-11-06 00:00:00","2015-11-06 00:00:00"
28,"SAI CINZA","JACAREACANGA",1827,"2015-11-06 00:00:00","2015-11-06 00:00:00"
28,"CAROÇAL DO RIO DAS TROPAS","JACAREACANGA",1846,"2015-11-06 00:00:00","2015-11-06 00:00:00"
28,"RESTINGA","JACAREACANGA",1845,"2015-11-06 00:00:00","2015-11-06 00:00:00"
28,"WARO APAMPU(POSTO MDK)","JACAREACANGA",1843,"2015-11-06 00:00:00","2015-11-06 00:00:00"
28,"JACAREACANGA","JACAREACANGA",1548,"2015-11-06 00:00:00","2015-11-06 00:00:00"
28,"ITAITUBA","ITAITUBA",1838,"2015-11-06 00:00:00","2015-11-06 00:00:00"
29,"SANTA FE DO ARAGUAIA","SANTA FE DO ARAGUAIA",1541,"2015-11-06 00:00:00","2015-11-06 00:00:00"
29,"TOCANTÍNIA","TOCANTINIA",1862,"2015-11-06 00:00:00","2015-11-06 00:00:00"
29,"TOCANTINÓPOLIS","TOCANTINOPOLIS",1865,"2015-11-06 00:00:00","2015-11-06 00:00:00"
29,"ITACAJÁ","ITACAJA",1866,"2015-11-06 00:00:00","2015-11-06 00:00:00"
29,"FORMOSO DO ARAGUAIA","FORMOSO DO ARAGUAIA",1864,"2015-11-06 00:00:00","2015-11-06 00:00:00"
30,"MÉDIO CURUÇA","ATALAIA DO NORTE",1561,"2015-11-06 00:00:00","2015-11-06 00:00:00"
30,"SEDE DO DSEI VALE DO JAVARI","ATALAIA DO NORTE",1795,"2015-11-06 00:00:00","2015-11-06 00:00:00"
30,"ALTO ITUÍ","ATALAIA DO NORTE",1793,"2015-11-06 00:00:00","2015-11-06 00:00:00"
30,"MÉDIO ITUÍ","ATALAIA DO NORTE",1792,"2015-11-06 00:00:00","2015-11-06 00:00:00"
30,"ITACOAÍ","ATALAIA DO NORTE",1791,"2015-11-06 00:00:00","2015-11-06 00:00:00"
30,"ALTO CURUÇÁ","ATALAIA DO NORTE",1794,"2015-11-06 00:00:00","2015-11-06 00:00:00"
30,"JAQUIRANA","ATALAIA DO NORTE",1790,"2015-11-06 00:00:00","2015-11-06 00:00:00"
30,"MÉDIO JAVARI","ATALAIA DO NORTE",1789,"2015-11-06 00:00:00","2015-11-06 00:00:00"
31,"CACOAL","CACOAL",1809,"2015-11-06 00:00:00","2015-11-06 00:00:00"
31,"ARIPUANÃ","ARIPUANA",1808,"2015-11-06 00:00:00","2015-11-06 00:00:00"
31,"VILHENA","VILHENA",1806,"2015-11-06 00:00:00","2015-11-06 00:00:00"
31,"JUÍNA","JUINA",1807,"2015-11-06 00:00:00","2015-11-06 00:00:00"
32,"SÃO MARCOS","BARRA DO GARCAS",1802,"2015-11-06 00:00:00","2015-11-06 00:00:00"
32,"ÁGUA BOA","AGUA BOA",1805,"2015-11-06 00:00:00","2015-11-06 00:00:00"
32,"PARANATINGA","PARANATINGA",1804,"2015-11-06 00:00:00","2015-11-06 00:00:00"
32,"SANGRADOURO","GENERAL CARNEIRO",1607,"2015-11-06 00:00:00","2015-11-06 00:00:00"
32,"MARÃIWATSEDE","BOM JESUS DO ARAGUAIA",1606,"2015-11-06 00:00:00","2015-11-06 00:00:00"
32,"CAMPINÁPOLIS","CAMPINAPOLIS",1803,"2015-11-06 00:00:00","2015-11-06 00:00:00"
33,"WAWI","QUERENCIA",1604,"2015-11-06 00:00:00","2015-11-06 00:00:00"
33,"DIAUARUM","SAO FELIX DO ARAGUAIA",1801,"2015-11-06 00:00:00","2015-11-06 00:00:00"
33,"LEONARDO","GAUCHA DO NORTE",1799,"2015-11-06 00:00:00","2015-11-06 00:00:00"
33,"PAVURÚ","FELIZ NATAL",1800,"2015-11-06 00:00:00","2015-11-06 00:00:00"
34,"MARARI","BARCELOS",1706,"2015-11-06 00:00:00","2015-11-06 00:00:00"
34,"NOVO-DEMINI","BARCELOS",1707,"2015-11-06 00:00:00","2015-11-06 00:00:00"
34,"DEMINI","BARCELOS",1585,"2015-11-06 00:00:00","2015-11-06 00:00:00"
34,"BALAWAU","BARCELOS",1584,"2015-11-06 00:00:00","2015-11-06 00:00:00"
34,"CACHOEIRA DO ARAÇÁ","BARCELOS",1580,"2015-11-06 00:00:00","2015-11-06 00:00:00"
34,"AJURICABA","BARCELOS",1543,"2015-11-06 00:00:00","2015-11-06 00:00:00"
34,"ARACÁ","BARCELOS",1708,"2015-11-06 00:00:00","2015-11-06 00:00:00"
34,"TOOTOTOBI","BARCELOS",1646,"2015-11-06 00:00:00","2015-11-06 00:00:00"
34,"APIAÚ","MUCAJAI",1557,"2015-11-06 00:00:00","2015-11-06 00:00:00"
34,"MALOCA PAAPIU","MUCAJAI",1555,"2015-11-06 00:00:00","2015-11-06 00:00:00"
34,"ALTO CATRIMANI","MUCAJAI",1764,"2015-11-06 00:00:00","2015-11-06 00:00:00"
34,"HAXIU","ALTO ALEGRE",1581,"2015-11-06 00:00:00","2015-11-06 00:00:00"
34,"HAKOMA","ALTO ALEGRE",1788,"2015-11-06 00:00:00","2015-11-06 00:00:00"
34,"XITEI","ALTO ALEGRE",1771,"2015-11-06 00:00:00","2015-11-06 00:00:00"
34,"PALIMIÚ","ALTO ALEGRE",1770,"2015-11-06 00:00:00","2015-11-06 00:00:00"
34,"WAPUTHA","ALTO ALEGRE",1869,"2015-11-06 00:00:00","2015-11-06 00:00:00"
34,"PARAFURI","ALTO ALEGRE",1772,"2015-11-06 00:00:00","2015-11-06 00:00:00"
34,"URARICOERA","ALTO ALEGRE",1644,"2015-11-06 00:00:00","2015-11-06 00:00:00"
34,"BAIXO MUCAJAI","ALTO ALEGRE",1643,"2015-11-06 00:00:00","2015-11-06 00:00:00"
34,"ALTO MUCAJAI","ALTO ALEGRE",1635,"2015-11-06 00:00:00","2015-11-06 00:00:00"
34,"SURUCUCU","ALTO ALEGRE",1600,"2015-11-06 00:00:00","2015-11-06 00:00:00"
34,"ARATHA-U","ALTO ALEGRE",1551,"2015-11-06 00:00:00","2015-11-06 00:00:00"
34,"MISSÃO CATRIMANI","CARACARAI",1766,"2015-11-06 00:00:00","2015-11-06 00:00:00"
34,"BAIXO CATRIMANI","CARACARAI",1765,"2015-11-06 00:00:00","2015-11-06 00:00:00"
34,"AJARANI","CARACARAI",1763,"2015-11-06 00:00:00","2015-11-06 00:00:00"
34,"MARAUIÁ","SANTA ISABEL DO RIO NEGRO",1579,"2015-11-06 00:00:00","2015-11-06 00:00:00"
34,"ALTO PADAUIRI","SANTA ISABEL DO RIO NEGRO",1577,"2015-11-06 00:00:00","2015-11-06 00:00:00"
34,"MÉDIO PADAUIRI","SANTA ISABEL DO RIO NEGRO",1578,"2015-11-06 00:00:00","2015-11-06 00:00:00"
34,"PAAPIU","IRACEMA",1767,"2015-11-06 00:00:00","2015-11-06 00:00:00"
34,"HOMOXI","IRACEMA",1645,"2015-11-06 00:00:00","2015-11-06 00:00:00"
34,"MAIA","SAO GABRIEL DA CACHOEIRA",1554,"2015-11-06 00:00:00","2015-11-06 00:00:00"
34,"INAMBÚ","SAO GABRIEL DA CACHOEIRA",1553,"2015-11-06 00:00:00","2015-11-06 00:00:00"
34,"MATURACÁ","SAO GABRIEL DA CACHOEIRA",1552,"2015-11-06 00:00:00","2015-11-06 00:00:00"
34,"AUARIS","AMAJARI",1768,"2015-11-06 00:00:00","2015-11-06 00:00:00"
34,"WAIKÁS","AMAJARI",1769,"2015-11-06 00:00:00","2015-11-06 00:00:00"
34,"SAUBA","AMAJARI",1868,"2015-11-06 00:00:00","2015-11-06 00:00:00"
34,"ERICÓ","AMAJARI",1530,"2015-11-06 00:00:00","2015-11-06 00:00:00"
